Target_ppm,Mean_Measured,Std,RSD_%
100,100.32600000000001,3.7047575590622057,3.69
500,497.292,13.575981792586987,2.73
1000,1007.74,27.166305660971066,2.7
3000,3014.368,74.35786452236604,2.47
